"","x","gender","age","y"
"1",1,"other",35.220988598885,0
"2",2,"female",18.9130185148679,0
"3",3,"other",31.513827862218,0
"4",4,"female",21.9779759563971,1
"5",5,"other",31.197782533709,1
"6",6,"female",23.4100066393148,0
